region,country,refinery,capacity,unit,status
Africa,Algeria,Skikda Refinery ,350.0,kbd,active
Africa,Algeria,Skikda condensate Refinery ,100.0,kbd,active
Africa,Algeria,Adrar Refinery ,12.5,kbd,active
Africa,Algeria,Algiers Refinery ,73.5,kbd,active
Africa,Algeria,Arzew Refinery ,75.6,kbd,active
Africa,Algeria,Hassi Messaoud Refinery ,0.0,kbd,active
Africa,Angola,Luanda Refinery ,56.0,kbd,active
Africa,Cameroon,Limb  Refinery ,42.6,kbd,active
Africa,Chad,Djarmaya Refinery ,20.0,kbd,active
Africa,Congo,Pointe Noire Refinery ,21.0,kbd,active
Africa,"Congo, Democratic Republic",Muanda Refinery ,15.0,kbd,active
Africa,Egypt,Alexandria Ameriya Refinery ,81.0,kbd,active
Africa,Egypt,Alexandria El Mex Refinery ,117.0,kbd,active
Africa,Egypt,Alexandria MIDOR Refinery ,100.0,kbd,active
Africa,Egypt,Asyut Refinery ,47.0,kbd,active
Africa,Egypt,Cairo Mostorod Refinery ,142.0,kbd,active
Africa,Egypt,El Nasr Refinery ,132.0,kbd,active
Africa,Egypt,El Suez Refinery ,70.0,kbd,active
Africa,Egypt,Tanta Refinery ,35.0,kbd,active
Africa,Egypt,Wadi Feran Refinery ,8.55,kbd,active
Africa,Egypt,BASHANDYOIL fossil crude oil refinery,300.0,kbd,active
Africa,Egypt,Egyptian Refining Company ,0.0,kbd,active
Africa,Eritrea,Assab Refinery ,17.5,kbd,active
Africa,Gabon,Port Gentil Refinery ,25.0,kbd,active
Africa,Ghana,Tema Oil Refinery ,45.0,kbd,active
Africa,Ivory Coast,Abidjan Refinery ,68.0,kbd,active
Africa,Ivory Coast,Abidjan Bitumen Refinery ,10.0,kbd,active
Africa,Kenya,Mombasa Refinery ,70.0,kbd,active
Africa,Kenya,Lamu Refinery Lamu Port and Lamu-Southern Sudan-Ethiopia Transport Corridor 120,120.0,kbd,active
Africa,Libya,Zawiya Refinery ,120.0,kbd,active
Africa,Libya,Ra's Lanuf Refinery ,220.0,kbd,active
Africa,Libya,El-Brega Refinery ,10.0,kbd,active
Africa,Libya,Sarir Refinery ,10.0,kbd,active
Africa,Libya,Tobruk Refinery ,20.0,kbd,active
Africa,Madagascar,Tomasina Refinery ,12.0,kbd,active
Africa,Mauritania,Nouadhibou Refinery ,10.0,kbd,active
Africa,Morocco,Mohammedia Refinery ,127.0,kbd,closed
Africa,Morocco,Sidi Kacem ,50.0,kbd,closed
Africa,Niger,Zinder Refinery ,20.0,kbd,active
Africa,Nigeria,Kaduna Refinery ,110.0,kbd,active
Africa,Nigeria,Port Harcourt Refinery ,210.0,kbd,active
Africa,Nigeria,Warri Refinery ,125.0,kbd,active
Africa,Nigeria,Waltersmith Refinery ,5.0,kbd,active
Africa,Nigeria,Dangote Refinery ,650.0,kbd,active
Africa,Nigeria,Azikel Refinery ,12.0,kbd,active
Africa,Nigeria,Ogbele Refinery ,11.0,kbd,active
Africa,South Africa,Cape Town Refinery ,100.0,kbd,active
Africa,South Africa,Engen Refinery ,135.0,kbd,active
Africa,South Africa,Sapref Refinery ,180.0,kbd,active
Africa,South Africa,Sasol Refinery ,300.0,kbd,active
Africa,South Africa,Natref Refinery ,108.0,kbd,active
Africa,South Africa,Mossel Bay GTL Refinery ,45.0,kbd,active
Africa,Sudan,El-Obeid Refinery ,15.0,kbd,active
Africa,Sudan,Khartoum Refinery ,100.0,kbd,active
Africa,Sudan,Port Sudan Refinery ,21.7,kbd,active
Africa,Tanzania,Dar es Salaam Refinery ,17.0,kbd,active
Africa,Tunisia,Bizerte Refinery ,34.0,kbd,active
Africa,Uganda,Uganda Oil Refinery 60,60.0,kbd,active
Africa,Zambia,Indeni Petroleum Refinery,25.0,kbd,active
Asia,Afghanistan,Ghazanfar Oil Refinery,11.874,kbd,active
Asia,Afghanistan,Kam Oil Refinery,11.874,kbd,active
Asia,Afghanistan,Ansar Oil Refinery,0.0,kbd,active
Asia,Azerbaijan,Heydar Aliyev Baku Oil Refinery ,160.0,kbd,active
Asia,Azerbaijan,Azerneftyag Refinery ,0.1,kbd,active
Asia,Bahrain,Bahrain Petroleum Company ,267.0,kbd,active
Asia,Bangladesh,Eastern Refinery ,33.0,kbd,active
Asia,Bangladesh,Petromax Refinery,2.5,kbd,active
Asia,Bangladesh,Super Petrochemical ,3.0,kbd,active
Asia,Bangladesh,Bashundhara Oil and Gas Company Ltd.,40.0,kbd,active
Asia,China,Fushun Petrochemical Refinery,160.0,kbd,active
Asia,China,Sinopec Anqing Company Refinery,110.0,kbd,active
Asia,China,Sinopec Beijing Yanshan Company Refinery,165.0,kbd,active
Asia,China,China National Petroleum Corporation ,112.0,kbd,active
Asia,China,Sinopec CPCC Guangzhou Branch Refinery,150.0,kbd,active
Asia,China,Sinopec Maoming Company Refinery,265.0,kbd,active
Asia,China,Sinopec Beihai Company Refinery,12.0,kbd,active
Asia,China,Sinopec Cangzhou Company Refinery,70.0,kbd,active
Asia,China,China National Petroleum Corporation ,122.0,kbd,active
Asia,China,Sinopec Luoyang Company,100.0,kbd,active
Asia,China,Sinopec Jingmen Company,100.0,kbd,active
Asia,China,Sinopec Wuhan Company Refinery,80.0,kbd,active
Asia,China,Sinopec CPCC Changling Company Refinery,100.0,kbd,active
Asia,China,Sinopec Jinling Company Refinery,265.0,kbd,active
Asia,China,Sinopec Jiujiang Company Refinery,98.0,kbd,active
Asia,China,China National Petroleum Corporation ,0.0,kbd,active
Asia,China,China National Petroleum Corporation ,144.0,kbd,active
Asia,China,China National Petroleum Corporation ,186.0,kbd,active
Asia,China,China National Petroleum Corporation ,112.0,kbd,active
Asia,China,China National Petroleum Corporation ,112.0,kbd,active
Asia,China,WEPEC Dalain Refinery,200.0,kbd,active
Asia,China,Sinopec Jinan Company,21.0,kbd,active
Asia,China,Sinopec Qilu Company Refinery,195.0,kbd,active
Asia,China,Sinopec Shanghai Gaoqiao Oil Refinery,220.0,kbd,active
Asia,China,Sinopec Tianjin Company Refinery,100.0,kbd,active
Asia,China,China National Petroleum Corporation ,120.0,kbd,active
Asia,China,China National Petroleum Corporation ,101.0,kbd,active
Asia,China,Sinopec Zhenhai Refinery,345.0,kbd,active
Asia,India,Bongaigaon Refinery ,0.7,kbd,active
Asia,India,Digboi Refinery ,1.3,kbd,active
Asia,India,Guwahati Refinery ,0.0,kbd,active
Asia,India,Numaligarh Refinery ,0.0,kbd,active
Asia,India,Barauni Refinery ,0.0,kbd,active
Asia,India,Nayara Refinery ,406.0,kbd,active
Asia,India,Gujarat Refinery ,0.0,kbd,active
Asia,India,Jamnagar Refinery ,2200.0,kbd,active
Asia,India,Panipat Refinery ,0.3,kbd,active
Asia,India,Mangalore Refinery ,199.0,kbd,active
Asia,India,Bina Refinery ,116.0,kbd,active
Asia,India,Guru Gobind Singh Refinery ,230.0,kbd,active
Asia,India,Haldia Refinery ,116.0,kbd,active
Asia,India,Paradip Refinery ,303.0,kbd,active
Asia,India,Barmer Refinery ,208.0,kbd,active
Asia,India,Mathura Refinery ,156.0,kbd,active
Asia,India,Mumbai Refinery ,107.0,kbd,active
Asia,India,Mumbai Refinery Mahaul ,135.0,kbd,active
Asia,India,Visakhapatnam Refinery ,150.0,kbd,active
Asia,India,Tatipaka Refinery ,1.6,kbd,active
Asia,India,Kochi Refinery ,310.0,kbd,active
Asia,India,Manali Refinery ,185.0,kbd,active
Asia,India,Cuddalore Refinery ,125.0,kbd,active
Asia,India,Nagapattnam Refinery ,20.0,kbd,active
Asia,Indonesia,Plaju Refinery ,127.0,kbd,active
Asia,Indonesia,Balongan Refinery ,125.0,kbd,active
Asia,Indonesia,Dumai Refinery ,127.0,kbd,active
Asia,Indonesia,Sei Pakning Refinery ,50.0,kbd,active
Asia,Indonesia,Cilacap Refinery ,348.0,kbd,active
Asia,Indonesia,Tuban Refinery ,100.0,kbd,active
Asia,Indonesia,Balikpapan Refinery ,360.0,kbd,active
Asia,Indonesia,Kasim Refinery ,10.0,kbd,active
Asia,Iran,Abadan Refinery ,450.0,kbd,active
Asia,Iran,Arvand oil refinery ,120.0,kbd,active
Asia,Iran,Arak Refinery ,250.0,kbd,active
Asia,Iran,Tehran Refinery ,225.0,kbd,active
Asia,Iran,Isfahan Refinery ,375.0,kbd,active
Asia,Iran,Tabriz Refinery ,112.0,kbd,active
Asia,Iran,Shiraz Refinery ,40.0,kbd,active
Asia,Iran,Lavan Refinery ,60.0,kbd,active
Asia,Iran,Persian Gulf Star Oil Refinery ,360.0,kbd,active
Asia,Iran,Kermanshah Refinery ,25.0,kbd,active
Asia,Iran,Bandar Abbas Refinery ,350.0,kbd,active
Asia,Iran,Pars Refinery ,150.0,kbd,active
Asia,Iran,Anahita Refinery ,150.0,kbd,active
Asia,Iran,Bahman Geno Refinery ,150.0,kbd,active
Asia,Iraq,Basrah Refinery ,210.0,kbd,active
Asia,Iraq,Daurah Refinery ,180.0,kbd,active
Asia,Iraq,Kirkuk Refinery ,170.0,kbd,active
Asia,Iraq,Baiji Salahedden Refinery ,70.0,kbd,active
Asia,Iraq,Baiji North Refinery ,150.0,kbd,active
Asia,Iraq,Khanaqin/Alwand Refinery ,10.5,kbd,active
Asia,Iraq,Samawah Refinery ,27.0,kbd,active
Asia,Iraq,Haditha Refinery ,14.0,kbd,active
Asia,Iraq,Muftiah Refinery ,4.5,kbd,active
Asia,Iraq,Majd Al Iraq ,6.5,kbd,active
Asia,Iraq,Gaiyarah Refinery ,4.0,kbd,active
Asia,Iraq,Erbil Refinery ,100.0,kbd,active
Asia,Iraq,Mirsan Refinery ,150.0,kbd,active
Asia,Iraq,Karbala Refinery ,150.0,kbd,active
Asia,Israel,Ashdod Oil Refineries ,108.0,kbd,active
Asia,Israel,Haifa Refinery ,197.0,kbd,active
Asia,Japan,Chiba Refinery ,240.0,kbd,active
Asia,Japan,Yokkaichi Refinery ,175.0,kbd,active
Asia,Japan,Sakai Refinery ,80.0,kbd,active
Asia,Japan,Sakaide Refinery ,140.0,kbd,closed
Asia,Japan,Muroran Refinery ,180.0,kbd,active
Asia,Japan,Sendai Refinery ,145.0,kbd,active
Asia,Japan,Negishi Yokohama Refinery ,340.0,kbd,active
Asia,Japan,Osaka Refinery ,115.0,kbd,closed
Asia,Japan,Mizushima Refinery ,250.0,kbd,active
Asia,Japan,Marifu Refinery ,127.0,kbd,active
Asia,Japan,Toyama Refinery ,60.0,kbd,active
Asia,Japan,Kubiki Refinery ,4.41,kbd,active
Asia,Japan,Chiba Refinery ,175.0,kbd,active
Asia,Japan,Kawasaki Refinery ,335.0,kbd,active
Asia,Japan,Wakayama Refinery ,170.0,kbd,active
Asia,Japan,Sakai Refinery ,156.0,kbd,active
Asia,Japan,Nishihara Refinery ,100.0,kbd,active
Asia,Japan,Keihin Refinery ,185.0,kbd,active
Asia,Japan,Showa Yokkaichi Refinery ,210.0,kbd,active
Asia,Japan,Yamaguchi Refinery ,120.0,kbd,active
Asia,Japan,Sodegaura Refinery ,192.0,kbd,active
Asia,Japan,Kashima Refinery ,210.0,kbd,active
Asia,Japan,Mizushima Refinery ,205.2,kbd,active
Asia,Japan,Shikoku Refinery ,120.0,kbd,active
Asia,Japan,Ohita Refinery ,160.0,kbd,active
Asia,Japan,Hokkaido Refinery ,140.0,kbd,active
Asia,Japan,Chiba Refinery ,220.0,kbd,active
Asia,Japan,Aichi Refinery ,160.0,kbd,active
Asia,Japan,Tokuyama Refinery ,120.0,kbd,closed
Asia,Jordan,Jordan Refinery,90.0,kbd,active
Asia,Kazakhstan,Atyrau Refinery ,104.4,kbd,active
Asia,Kazakhstan,Pavlodar Refinery ,162.6,kbd,active
Asia,Kazakhstan,Shymkent Refinery ,160.0,kbd,active
Asia,Kuwait,Al Zour Refinery ,615.0,kbd,active
Asia,Kuwait,Mina Al-Ahmadi Refinery ,466.0,kbd,active
Asia,Kuwait,Mina Abdullah Refinery ,270.0,kbd,active
Asia,Malaysia,Pengerang Refining Company Sdn Bhd ,300.0,kbd,active
Asia,Malaysia,Malaysian Refining Company Sdn Bhd ,300.0,kbd,active
Asia,Malaysia,PSR-1,100.0,kbd,active
Asia,Malaysia,PSR-2,100.0,kbd,active
Asia,Malaysia,Petronas Penapisan ,124.0,kbd,active
Asia,Malaysia,Hengyuan Refining Company Berhad ,156.0,kbd,active
Asia,Malaysia,Port Dickson Refinery ,88.0,kbd,active
Asia,Malaysia,Kemaman Bitumen Refinery ,100.0,kbd,active
Asia,Myanmar,Thanlyin Refinery ,20.0,kbd,active
Asia,Oman,Mina Al Fahal,106.0,kbd,active
Asia,Oman,Sohar Refinery Company ,116.0,kbd,active
Asia,Oman,OQ8 ,230.0,kbd,active
Asia,Pakistan,Pak-Arab Refinery Ltd. Multan ,120.0,kbd,active
Asia,Pakistan,National Refinery ,64.0,kbd,active
Asia,Pakistan,Attock Refinery Ltd. ,53.4,kbd,active
Asia,Pakistan,Byco Petroleum ,150.0,kbd,active
Asia,Pakistan,Pakistan Refinery ,50.0,kbd,active
Asia,Pakistan,Enar Petroleum Refinery Training Facility ,3.0,kbd,active
Asia,Pakistan,PARCO Coastal Refinery ,250.0,kbd,active
Asia,Pakistan,Gwadar Refinery ,250.0,kbd,active
Asia,Pakistan,Indus Oil Refinery,100.0,kbd,active
Asia,Pakistan,Grace Refinery Limited ,120.0,kbd,active
Asia,Pakistan,Al Motahedon Petroleum Refineries Kohat,50.0,kbd,active
Asia,Pakistan,Khyber Refinery ,20.0,kbd,active
Asia,Philippines,Bataan Refinery ,180.0,kbd,active
Asia,Philippines,Tabangao Refinery ,110.0,kbd,active
Asia,Philippines,Batangas Refinery ,86.0,kbd,active
Asia,Qatar,Um Said Refinery ,147.0,kbd,active
Asia,Qatar,Laffan Refinery 1 ,146.0,kbd,active
Asia,Qatar,Laffan Refinery 2 ,146.0,kbd,active
Asia,Russia,Achinsk Refinery ,129.0,kbd,active
Asia,Russia,Angarsk Petrochemical Refinery ,194.0,kbd,active
Asia,Russia,Antipinsky Refinery ,114.0,kbd,active
Asia,Russia,Khabarovsk Refinery ,86.0,kbd,active
Asia,Russia,Komsomolsk Refinery ,143.0,kbd,active
Asia,Russia,Nizhnevartovsk Refinery ,27.0,kbd,active
Asia,Russia,Kstovo Refinery ,0.0,kbd,active
Asia,Russia,Omsk Refinery ,362.0,kbd,active
Asia,Russia,Perm Refinery ,0.0,kbd,active
Asia,Russia,Tobolsk Petrochemical Refinery ,138.0,kbd,active
Asia,Russia,Ukhta Refinery ,0.0,kbd,active
Asia,Russia,Volgograd Refinery ,0.0,kbd,active
Asia,Russia,Yaya Refinery ,57.0,kbd,active
Asia,Saudi Arabia,Riyadh Refinery ,120.0,kbd,active
Asia,Saudi Arabia,Rabigh Refinery ,400.0,kbd,active
Asia,Saudi Arabia,Jeddah Refinery ,100.0,kbd,closed
Asia,Saudi Arabia,Ras Tanura Refinery ,550.0,kbd,active
Asia,Saudi Arabia,Yanbu' Refinery ,225.0,kbd,active
Asia,Saudi Arabia,Yanbu' Refinery ,400.0,kbd,active
Asia,Saudi Arabia,Jubail Refinery ,400.0,kbd,active
Asia,Saudi Arabia,YASREF Refinery ,400.0,kbd,active
Asia,Saudi Arabia,Jazan Refinery ,400.0,kbd,active
Asia,Saudi Arabia,Jubail Refinery ,305.0,kbd,active
Asia,Singapore,ExxonMobil Jurong Island Refinery ,605.0,kbd,active
Asia,Singapore,SRC Jurong Island Refinery ,290.0,kbd,active
Asia,Singapore,Shell Pulau Bukom Refinery ,500.0,kbd,active
Asia,Sri Lanka,Sapugaskanda Refinery ,51.0,kbd,active
Asia,South Korea,SK Energy Co.,850.0,kbd,active
Asia,South Korea,GS-Caltex Yeosu Refinery ,730.0,kbd,active
Asia,South Korea,S-Oil Onsan Refinery ,669.0,kbd,active
Asia,South Korea,Hyundai Oilbank Daesan Refinery ,561.0,kbd,active
Asia,South Korea,SK Incheon Petrochem ,275.0,kbd,active
Asia,Syria,Homs Refinery[67],0.0,kbd,active
Asia,Syria,Banias Refinery[67],0.0,kbd,active
Asia,Taiwan,Dalin Refinery ,100.0,kbd,active
Asia,Taiwan,Kaohsiung Refinery ,270.0,kbd,active
Asia,Taiwan,Mailiao Refinery ,540.0,kbd,active
Asia,Taiwan,Taoyuan Refinery ,200.0,kbd,active
Asia,Thailand,Thai Oil Refinery ,275.0,kbd,active
Asia,Thailand,IRPC Refinery ,215.0,kbd,active
Asia,Thailand,PTT Global Chemical Refinery ,280.0,kbd,active
Asia,Thailand,SPRC Refinery ,175.0,kbd,active
Asia,Thailand,Bangchak Phra Khanong Refinery ,120.0,kbd,active
Asia,Thailand,Bangchak Si Racha Sriracha Refinery ,177.0,kbd,active
Asia,Thailand,Rayong Purifier Refinery ,17.0,kbd,active
Asia,Turkey,STAR Refinery ,214.0,kbd,active
Asia,Turkey,Kirikkale Refinery ,112.5,kbd,active
Asia,Turkey,Izmit Refinery ,226.0,kbd,active
Asia,Turkey,Aliaga Refinery ,200.0,kbd,active
Asia,Turkey,Batman Refinery ,22.0,kbd,active
Asia,Turkey,Do u Akdeniz Petrol Refinery ,0.0,kbd,active
Asia,Turkey,ATA  ,0.0,kbd,closed
Asia,Turkmenistan,Seidi,120.0,kbd,active
Asia,Turkmenistan,Turkmenbashi,116.0,kbd,active
Asia,United Arab Emirates,Abu Dhabi Refinery ,85.0,kbd,active
Asia,United Arab Emirates,Fujairah VTTI Refinery ,80.0,kbd,active
Asia,United Arab Emirates,Fujairah ECOMAR Refinery,7.5,kbd,active
Asia,United Arab Emirates,Uniper - Fujairah ,0.0,kbd,active
Asia,United Arab Emirates,Ruwais Refinery ,817.0,kbd,active
Asia,United Arab Emirates,Jebel Ali Refinery ,140.0,kbd,active
Asia,United Arab Emirates,Al Nakheel Oil Refinery ,0.0,kbd,closed
Asia,Vietnam,Dung Quat Refinery ,148.0,kbd,active
Asia,Vietnam,Nghi S n Refinery ,200.0,kbd,active
Asia,Yemen,Aden Refinery ,120.0,kbd,active
Asia,Yemen,Marib Refinery ,10.0,kbd,active
Europe,Albania,Ballsh Refinery ,20.0,kbd,active
Europe,Albania,Fier Refinery ,10.0,kbd,active
Europe,Albania,Bitex Refinery,3.75,kbd,active
Europe,Austria,Schwechat Refinery ,176.0,kbd,active
Europe,Bosnia and Herzegovina,Bosanski Brod Refinery Nestro,30.0,kbd,active
Europe,Belarus,Mozyr Refinery ,95.0,kbd,active
Europe,Belarus,Novopolotsk Refinery ,0.0,kbd,active
Europe,Belgium,Total Antwerp Refinery ,360.0,kbd,active
Europe,Belgium,ExxonMobil Antwerp Refinery ,333.0,kbd,active
Europe,Belgium,Antwerp N.V. Refinery ,35.0,kbd,closed
Europe,Belgium,Independent Belgian Refinery,107.5,kbd,closed
Europe,Bulgaria,LUKOIL Neftochim Burgas ,208.0,kbd,active
Europe,Bulgaria,Dididom oil refinery ,60.0,kbd,active
Europe,Croatia,Rijeka Refinery ,90.0,kbd,active
Europe,Croatia,Sisak Refinery ,60.0,kbd,active
Europe,Czech Republic,Litvinov Refinery ,120.0,kbd,active
Europe,Czech Republic,Kralupy Refinery ,80.0,kbd,active
Europe,Czech Republic,Pardubice Refinery ,15.0,kbd,closed
Europe,Denmark,Kalundborg Refinery ,110.0,kbd,active
Europe,Denmark,Fredericia Refinery ,68.0,kbd,active
Europe,Finland,Porvoo Refinery ,206.0,kbd,active
Europe,Finland,Naantali Refinery ,58.0,kbd,closed
Europe,France,Normandy Refinery ,350.0,kbd,active
Europe,France,Port J r me-Gravenchon Refinery ,270.0,kbd,active
Europe,France,Donges Refinery ,231.0,kbd,active
Europe,France,Lavera Oil Refinery ,210.0,kbd,active
Europe,France,Fos-sur-Mer Refinery ,140.0,kbd,active
Europe,France,Feyzin Refinery ,119.0,kbd,active
Europe,France,Fort de France Refinery ,17.0,kbd,active
Europe,France,Flandres Refinery ,160.0,kbd,closed
Europe,France,La Mede refinery ,155.0,kbd,closed
Europe,France,Petit Couronne Refinery ,142.0,kbd,closed
Europe,France,Berre L'Etang Refinery ,110.0,kbd,closed
Europe,France,Grandpuits Refinery ,99.0,kbd,closed
Europe,France,Reichstett Refinery ,77.0,kbd,closed
Europe,Germany,Wilhelmshaven Refinery ,300.0,kbd,active
Europe,Germany,MiRO Karlsruhe Refinery ,285.0,kbd,active
Europe,Germany,Ruhr  l Refinery ,266.0,kbd,active
Europe,Germany,Ingolstadt Refinery ,262.0,kbd,active
Europe,Germany,TotalEnergies Refinery Mitteldeutschland ,227.0,kbd,active
Europe,Germany,Schwedt Refinery ,210.0,kbd,active
Europe,Germany,Rheinland Werk Godorf Cologne Refinery ,190.0,kbd,active
Europe,Germany,Rheinland Werk Wesseling Cologne Refinery ,160.0,kbd,active
Europe,Germany,Ingolstadt Refinery ,110.0,kbd,active
Europe,Germany,Hamburg ,100.0,kbd,active
Europe,Germany,Raffinerie Heide ,90.0,kbd,active
Europe,Germany,Emsland Lingen Refinery ,80.0,kbd,active
Europe,Germany,Burghausen Refinery ,70.0,kbd,active
Europe,Germany,Elbe Mineral lwerke Hamburg-Harburg Refinery ,0.0,kbd,active
Europe,Greece,Corinth Refinery ,185.0,kbd,active
Europe,Greece,Aspropyrgos Refinery ,148.0,kbd,active
Europe,Greece,Elefsina Refinery ,100.0,kbd,active
Europe,Greece,Thessaloniki Refinery ,93.0,kbd,active
Europe,Hungary,Szazhalombatta Refinery ,161.0,kbd,active
Europe,Ireland,Whitegate refinery ,71.0,kbd,active
Europe,Italy,Sarlux Sarroch Refinery ,300.0,kbd,active
Europe,Italy,Lukoil Impianti Sud Refinery ,214.0,kbd,active
Europe,Italy,Milazzo RAM Refinery ,200.0,kbd,active
Europe,Italy,Sarpom Trecate,200.0,kbd,active
Europe,Italy,Sonatrach Augusta Refinery ,190.0,kbd,active
Europe,Italy,Lukoil Impianti Nord Refinery ,160.0,kbd,active
Europe,Italy,Sannazzaro de' Burgondi Refinery ,160.0,kbd,active
Europe,Italy,Falconara Marittima Ancona Refinery ,85.0,kbd,active
Europe,Italy,Taranto Refinery ,90.0,kbd,active
Europe,Italy,Iplom Busalla Refinery ,38.1,kbd,active
Europe,Italy,Livorno Refinery ,84.0,kbd,active
Europe,Italy,Porto Marghera Venice Refinery ,70.0,kbd,closed
Europe,Italy,Cremona Refinery ,80.0,kbd,closed
Europe,Italy,Mantova Refinery ,55.0,kbd,closed
Europe,Italy,Gela Refinery ,100.0,kbd,closed
Europe,Italy,Rome Refinery ,90.0,kbd,closed
Europe,Lithuania,Ma eiki  Refinery ,263.0,kbd,active
Europe,Netherlands,Shell Pernis Refinery ,416.0,kbd,active
Europe,Netherlands,BP Rotterdam Refinery ,400.0,kbd,active
Europe,Netherlands,Botlek ,195.0,kbd,active
Europe,Netherlands,Zeeland Refinery ,149.0,kbd,active
Europe,Netherlands,Gunvor Refinery Europoort ,80.0,kbd,active
Europe,Netherlands,VPR Refinery ,80.0,kbd,active
Europe,North Macedonia,OKTA Skopje Refinery ,50.0,kbd,active
Europe,Norway,Slagen Refinery ,110.0,kbd,closed
Europe,Norway,Mongstad Refinery ,200.0,kbd,active
Europe,Poland,Plock Refinery ,276.0,kbd,active
Europe,Poland,Gdansk Refinery ,210.0,kbd,active
Europe,Poland,Czechowice Refinery ,12.0,kbd,active
Europe,Poland,Trzebinia Refinery ,4.0,kbd,active
Europe,Poland,Jaslo Oil Refinery ,3.0,kbd,active
Europe,Poland,Jedlicze Refinery ,2.8,kbd,active
Europe,Poland,Glimar Refinery ,3.4,kbd,active
Europe,Portugal,Sines Refinery ,220.0,kbd,active
Europe,Portugal,Porto Refinery ,110.0,kbd,closed
Europe,Romania,Petromidia Constan a Refinery ,100.0,kbd,active
Europe,Romania,Petrobrazi Refinery Ploie ti ,90.0,kbd,active
Europe,Romania,Petrotel Lukoil Refinery Ploie ti ,68.0,kbd,active
Europe,Romania,Vega Ploie ti Refinery ,20.0,kbd,active
Europe,Romania,Petrolsub Suplacu de Barc u Refinery ,15.0,kbd,active
Europe,Romania,RAFO One ti ,70.0,kbd,closed
Europe,Romania,Steaua Roman  C mpina Refinery ,15.0,kbd,closed
Europe,Romania,Arpechim Refinery Pite ti ,70.0,kbd,closed
Europe,Romania,Astra Refinery ,20.0,kbd,closed
Europe,Russia,Achinsk Refinery ,0.0,kbd,active
Europe,Russia,Angarsk Petrochemical Company ,0.0,kbd,active
Europe,Russia,Kirishi Refinery ,346.0,kbd,active
Europe,Russia,Komsomolsky Refinery ,0.0,kbd,active
Europe,Russia,Krasnodar Refinery ,52.0,kbd,active
Europe,Russia,Kuibyshev Refinery ,120.5,kbd,active
Europe,Russia,Novokuibyshevsk Refinery ,136.0,kbd,active
Europe,Russia,Moscow Refinery ,181.0,kbd,active
Europe,Russia,Nizhnekamsk Refinery ,150.0,kbd,active
Europe,Russia,Nizhnekamsk Refinery ,143.0,kbd,active
Europe,Russia,Kstovo Refinery ,293.0,kbd,active
Europe,Russia,Novoshakhtinsk Refinery ,172.6,kbd,active
Europe,Russia,Orsk Refinery ,114.0,kbd,active
Europe,Russia,Perm Refinery ,226.0,kbd,active
Europe,Russia,Ryazan Refinery ,295.0,kbd,active
Europe,Russia,Salavatnefteorgsintez Refinery ,172.0,kbd,active
Europe,Russia,Saratov Refinery ,120.5,kbd,active
Europe,Russia,Syzran Refinery ,120.5,kbd,active
Europe,Russia,Tuapse Refinery ,207.0,kbd,active
Europe,Russia,Ukhta Refinery ,72.0,kbd,active
Europe,Russia,Ufa Refinery ,129.0,kbd,active
Europe,Russia,Novo-Ufa Refinery ,122.5,kbd,active
Europe,Russia,Ufaneftekhim Refinery ,160.0,kbd,active
Europe,Russia,Volgograd Refinery ,250.0,kbd,active
Europe,Russia,Yaroslavl Refinery ,271.0,kbd,active
Europe,Serbia,Pan evo Refinery ,0.0,kbd,active
Europe,Serbia,Novi Sad Refinery ,0.0,kbd,active
Europe,Serbia,Hemco Refinery Hemco Lubricants,0.0,kbd,active
Europe,Slovakia,Slovnaft Bratislava Refinery ,110.0,kbd,active
Europe,Slovakia,Petrochema Dubov  Refinery ,0.0,kbd,active
Europe,Spain,Bilbao Refinery ,220.0,kbd,active
Europe,Spain,Puertollano Refinery ,140.0,kbd,active
Europe,Spain,Tarragona Refinery ,160.0,kbd,active
Europe,Spain,Tarragona Asphalt Refinery ,20.0,kbd,active
Europe,Spain,A Coru a Refinery ,125.0,kbd,active
Europe,Spain,Cartagena Refinery ,220.0,kbd,active
Europe,Spain,Tenerife Refinery ,90.0,kbd,active
Europe,Spain,Palos de la Frontera Refinery ,200.0,kbd,active
Europe,Spain,Gibraltar-San Roque Refinery ,240.0,kbd,active
Europe,Spain,Castellon Refinery ,100.0,kbd,active
Europe,Sweden,Lysekil Refinery ,220.0,kbd,active
Europe,Sweden,Gothenburg Refinery ,132.0,kbd,active
Europe,Sweden,Nyn shamn Refinery ,90.0,kbd,active
Europe,Sweden,Gothenburg Refinery ,78.0,kbd,active
Europe,Switzerland,Cressier Refinery ,68.0,kbd,active
Europe,Switzerland,Collombey-Muraz Refinery ,45.0,kbd,closed
Europe,Ukraine,Halychyna Refinery ,40.0,kbd,active
Europe,Ukraine,Kherson Refinery ,36.0,kbd,active
Europe,Ukraine,Kremenchuk Refinery ,368.5,kbd,active
Europe,Ukraine,LINOS Refinery ,320.0,kbd,active
Europe,Ukraine,Lviv Oil Research & Refinery,0.0,kbd,active
Europe,Ukraine,Naftokhimik Prykarpattya ,39.0,kbd,active
Europe,Ukraine,Odesa Refinery ,70.0,kbd,active
Europe,United Kingdom,Coryton Refinery ,175.0,kbd,active
Europe,United Kingdom,Fawley Refinery ,270.0,kbd,active
Europe,United Kingdom,Humber Refinery ,221.0,kbd,active
Europe,United Kingdom,Kent Refinery ,80.7,kbd,closed
Europe,United Kingdom,Lindsey Oil Refinery ,223.0,kbd,active
Europe,United Kingdom,Teesside Refinery ,117.0,kbd,closed
Europe,United Kingdom,Shell Haven Refinery ,44.2,kbd,closed
Europe,United Kingdom,Stanlow Refinery ,272.0,kbd,active
Europe,United Kingdom,Grangemouth Refinery ,205.0,kbd,active
Europe,United Kingdom,Milford Haven Refinery ,135.0,kbd,closed
Europe,United Kingdom,Pembroke Refinery ,215.0,kbd,active
North & Central America,Aruba,Aruba Refinery ,275.0,kbd,active
North & Central America,Canada,Strathcona Refinery,191.0,kbd,active
North & Central America,Canada,Scotford Refinery,114.0,kbd,active
North & Central America,Canada,Edmonton Refinery,142.0,kbd,active
North & Central America,Canada,Sturgeon Refinery,80.0,kbd,active
North & Central America,Canada,Husky Lloydminster Refinery,30.0,kbd,active
North & Central America,Canada,Burnaby Refinery,55.0,kbd,active
North & Central America,Canada,Prince George Refinery,12.0,kbd,active
North & Central America,Canada,Irving Oil Refinery,320.0,kbd,active
North & Central America,Canada,North Atlantic Refinery,130.0,kbd,active
North & Central America,Canada,Nanticoke Refinery,112.0,kbd,active
North & Central America,Canada,Sarnia Refinery,121.0,kbd,active
North & Central America,Canada,Shell Corunna Refinery,85.0,kbd,active
North & Central America,Canada,Clarkson Refinery,15.6,kbd,active
North & Central America,Canada,Sarnia Refinery,85.0,kbd,active
North & Central America,Canada,Montreal Refinery,137.0,kbd,active
North & Central America,Canada,Jean-Gaulin Refinery,235.0,kbd,active
North & Central America,Canada,CCRL Refinery Complex,145.0,kbd,active
North & Central America,Canada,Moose Jaw Refinery,22.0,kbd,active
North & Central America,Cuba,Nico L pez Refinery ,122.0,kbd,active
North & Central America,Cuba,Hermanos D az Refinery ,102.5,kbd,active
North & Central America,Cuba,Cienfuegos Refinery ,76.0,kbd,active
North & Central America,Curaçao,Isla Refinery ,320.0,kbd,active
North & Central America,Costa Rica,Puerto Lim n Refinery ,25.0,kbd,active
North & Central America,Dominican Republic,Haina Refinery ,33.0,kbd,active
North & Central America,El Salvador,Refiner a Petrolera de Acajutla S.A. de C.V. ,22.0,kbd,active
North & Central America,Guatemala,Puerto Barrios Refinery ,12.5,kbd,active
North & Central America,Guatemala,La Libertad Refinery ,0.0,kbd,active
North & Central America,Honduras,Puerto Cort s Refinery ,16.0,kbd,closed
North & Central America,Jamaica,Kingston Refinery ,50.0,kbd,active
North & Central America,Martinique,Fort de France ,16.0,kbd,active
North & Central America,Mexico,Tula Refinery ,320.0,kbd,active
North & Central America,Mexico,Minatitlan Refinery ,167.0,kbd,active
North & Central America,Mexico,Cadereyta Refinery ,217.0,kbd,active
North & Central America,Mexico,Salamanca Refinery ,192.0,kbd,active
North & Central America,Mexico,Francisco I. Madero Refinery ,177.0,kbd,active
North & Central America,Mexico,Salina Cruz Refinery ,330.0,kbd,active
North & Central America,Mexico,Dos Bocas or Olmeca Refinery ,0.0,kbd,active
North & Central America,Nicaragua,Managua Refinery ,21.0,kbd,active
North & Central America,Trinidad and Tobago,Pointe- -Pierre Refinery ,170.0,kbd,closed
North & Central America,United States,Atmore Refinery ,4.1,kbd,active
North & Central America,United States,Saraland Refinery ,88.0,kbd,active
North & Central America,United States,Tuscaloosa Refinery ,62.0,kbd,active
North & Central America,United States,Kenai Refinery ,68.0,kbd,active
North & Central America,United States,North Pole Refinery ,19.7,kbd,active
North & Central America,United States,North Pole Refinery ,127.459,kbd,active
North & Central America,United States,Prudhoe Bay Crude Oil Topping Unit ,10.5,kbd,active
North & Central America,United States,Kuparuk Topping Unit ,15.0,kbd,active
North & Central America,United States,Valdez Refinery ,55.0,kbd,active
North & Central America,United States,El Dorado Refinery ,83.0,kbd,active
North & Central America,United States,Smackover Refinery ,7.5,kbd,active
North & Central America,United States,Bakersfield Refinery ,66.0,kbd,active
North & Central America,United States,Bakersfield Refinery ,26.0,kbd,active
North & Central America,United States,Bakersfield Refinery ,15.0,kbd,active
North & Central America,United States,Benicia Refinery ,145.0,kbd,active
North & Central America,United States,El Segundo Refinery ,269.0,kbd,active
North & Central America,United States,Los Angeles Refinery ,365.0,kbd,active
North & Central America,United States,Los Angeles Refinery ,139.0,kbd,active
North & Central America,United States,Martinez/Avon Refinery ,166.0,kbd,active
North & Central America,United States,Martinez Refinery ,156.4,kbd,active
North & Central America,United States,Paramount Refinery ,50.0,kbd,active
North & Central America,United States,Richmond Refinery ,245.271,kbd,active
North & Central America,United States,San Francisco Refinery ,120.2,kbd,active
North & Central America,United States,Santa Maria Refinery ,9.5,kbd,active
North & Central America,United States,South Gate Refinery ,8.5,kbd,active
North & Central America,United States,Torrance Refinery ,160.0,kbd,active
North & Central America,United States,Wilmington Asphalt Refinery ,6.3,kbd,active
North & Central America,United States,Wilmington Refinery ,85.0,kbd,active
North & Central America,United States,Commerce City Refinery ,103.0,kbd,active
North & Central America,United States,Delaware City Refinery ,182.2,kbd,active
North & Central America,United States,Savannah Refinery ,28.0,kbd,active
North & Central America,United States,Kapolei Refinery ,93.5,kbd,active
North & Central America,United States,Lemont Refinery ,175.94,kbd,active
North & Central America,United States,Joliet Refinery ,238.6,kbd,active
North & Central America,United States,Robinson Refinery ,265.0,kbd,active
North & Central America,United States,Wood River Refinery ,336.0,kbd,active
North & Central America,United States,Whiting Refinery ,430.0,kbd,active
North & Central America,United States,Mount Vernon Refinery ,27.1,kbd,active
North & Central America,United States,Coffeyville Refinery ,115.0,kbd,active
North & Central America,United States,El Dorado Refinery ,138.0,kbd,active
North & Central America,United States,McPherson Refinery ,100.0,kbd,active
North & Central America,United States,Catlettsburg Refinery ,300.0,kbd,active
North & Central America,United States,Somerset Refinery ,5.5,kbd,active
North & Central America,United States,Alliance Refinery ,253.6,kbd,closed
North & Central America,United States,Baton Rouge Refinery ,540.0,kbd,active
North & Central America,United States,Chalmette Refinery ,189.0,kbd,active
North & Central America,United States,Convent Refinery ,235.0,kbd,closed
North & Central America,United States,Cotton Valley Refinery ,13.02,kbd,active
North & Central America,United States,Garyville Refinery ,597.0,kbd,active
North & Central America,United States,Krotz Springs Refinery ,80.0,kbd,active
North & Central America,United States,Lake Charles Refinery ,80.0,kbd,active
North & Central America,United States,Lake Charles Refinery ,455.0,kbd,active
North & Central America,United States,Lake Charles Refinery,150.0,kbd,active
North & Central America,United States,Lake Charles Refinery ,260.0,kbd,active
North & Central America,United States,Meraux Refinery ,125.0,kbd,active
North & Central America,United States,Norco Refinery ,238.0,kbd,active
North & Central America,United States,Port Allen Refinery ,60.0,kbd,active
North & Central America,United States,Princeton Refinery ,8.3,kbd,active
North & Central America,United States,Shreveport Refinery ,57.0,kbd,active
North & Central America,United States,St. Charles Refinery ,215.0,kbd,active
North & Central America,United States,St. Rose Refinery ,45.0,kbd,active
North & Central America,United States,Marathon Detroit Refinery ,139.0,kbd,active
North & Central America,United States,Pine Bend Refinery ,335.0,kbd,active
North & Central America,United States,St. Paul Park Refinery ,105.0,kbd,active
North & Central America,United States,Pascagoula Refinery ,330.0,kbd,active
North & Central America,United States,Vicksburg Refinery ,23.0,kbd,active
North & Central America,United States,Rogerslacy Refinery ,11.0,kbd,active
North & Central America,United States,Greenville Refinery,0.0,kbd,active
North & Central America,United States,Billings Refinery ,59.0,kbd,active
North & Central America,United States,Billings Refinery ,60.0,kbd,active
North & Central America,United States,Calumet Montana Refining ,24.5,kbd,active
North & Central America,United States,Laurel Refinery ,59.6,kbd,active
North & Central America,United States,Eagle Springs Refinery ,2.0,kbd,active
North & Central America,United States,Bayway Refinery ,238.0,kbd,active
North & Central America,United States,Eagle Point Refinery ,145.0,kbd,closed
North & Central America,United States,Paulsboro Asphalt Refinery ,70.0,kbd,active
North & Central America,United States,Paulsboro Refinery ,160.0,kbd,active
North & Central America,United States,Perth Amboy Refinery ,80.0,kbd,closed
North & Central America,United States,Port Reading Refinery ,70.0,kbd,closed
North & Central America,United States,Navajo Refinery ,102.0,kbd,active
North & Central America,United States,Bloomfield Refinery ,16.8,kbd,closed
North & Central America,United States,Ciniza Refinery ,25.5,kbd,closed
North & Central America,United States,Mandan Refinery ,76.0,kbd,active
North & Central America,United States,Dickinson Renewables Facility ,19.0,kbd,active
North & Central America,United States,Canton Refinery ,93.0,kbd,active
North & Central America,United States,Lima Refinery ,155.0,kbd,active
North & Central America,United States,Toledo Refinery ,152.0,kbd,active
North & Central America,United States,Toledo Refinery ,180.0,kbd,active
North & Central America,United States,Ardmore Refinery ,86.0,kbd,active
North & Central America,United States,Ponca City Refinery ,200.0,kbd,active
North & Central America,United States,Tulsa Refinery East & West ,155.3,kbd,active
North & Central America,United States,Wynnewood Refinery ,70.0,kbd,active
North & Central America,United States,Bradford Refinery ,11.0,kbd,active
North & Central America,United States,Marcus Hook Refinery ,175.0,kbd,closed
North & Central America,United States,Philadelphia Refinery ,335.0,kbd,closed
North & Central America,United States,Trainer Refinery ,185.0,kbd,active
North & Central America,United States,Warren Refinery,65.0,kbd,active
North & Central America,United States,Wamsutta Oil Refinery ,0.0,kbd,active
North & Central America,United States,Memphis Refinery ,180.0,kbd,active
North & Central America,United States,Baytown Refinery ,585.0,kbd,active
North & Central America,United States,Big Spring Refinery ,70.0,kbd,active
North & Central America,United States,Beaumont Refinery ,630.0,kbd,active
North & Central America,United States,Borger Refinery ,146.0,kbd,active
North & Central America,United States,Corpus Christi Complex ,290.0,kbd,active
North & Central America,United States,Corpus Christi Refinery ,157.5,kbd,active
North & Central America,United States,Corpus Christi East & West Refinery ,205.0,kbd,active
North & Central America,United States,Deer Park Refinery ,316.6,kbd,active
North & Central America,United States,El Paso Refinery ,122.0,kbd,active
North & Central America,United States,Galveston Bay Refinery ,631.0,kbd,active
North & Central America,United States,Houston Refinery ,263.776,kbd,active
North & Central America,United States,Houston Refinery ,100.0,kbd,active
North & Central America,United States,Independent Refinery ,100.0,kbd,active
North & Central America,United States,McKee Refinery ,200.0,kbd,active
North & Central America,United States,Nixon Refinery ,15.0,kbd,active
North & Central America,United States,Pasadena Refining System ,100.0,kbd,active
North & Central America,United States,Port Arthur Refinery ,225.5,kbd,active
North & Central America,United States,Port Arthur Refinery ,630.0,kbd,active
North & Central America,United States,Port Arthur Refinery ,335.0,kbd,active
North & Central America,United States,San Antonio Refinery ,21.0,kbd,active
North & Central America,United States,Sweeny Refinery ,247.0,kbd,active
North & Central America,United States,Texas City Refinery ,225.0,kbd,active
North & Central America,United States,Sullivan Three Rivers Refinery ,89.0,kbd,active
North & Central America,United States,Tyler Refinery ,75.0,kbd,active
North & Central America,United States,North Salt Lake Refinery ,35.0,kbd,active
North & Central America,United States,Salt Lake City Refinery ,50.0,kbd,active
North & Central America,United States,Salt Lake City Refinery ,68.0,kbd,active
North & Central America,United States,Woods Cross Refinery ,25.05,kbd,active
North & Central America,United States,Woods Cross Refinery ,15.0,kbd,active
North & Central America,United States,Puget Sound Refinery ,145.0,kbd,active
North & Central America,United States,Marathon Anacortes Refinery ,120.0,kbd,active
North & Central America,United States,Cherry Point Refinery ,225.0,kbd,active
North & Central America,United States,Ferndale Refinery ,101.0,kbd,active
North & Central America,United States,Tacoma Refinery ,40.7,kbd,active
North & Central America,United States,Newell Refinery ,22.3,kbd,active
North & Central America,United States,Superior Refinery ,38.0,kbd,active
North & Central America,United States,Cheyenne Refinery ,52.0,kbd,active
North & Central America,United States,Douglas Refinery ,3.8,kbd,active
North & Central America,United States,Evanston Refinery ,3.0,kbd,active
North & Central America,United States,Newcastle Refinery ,18.0,kbd,active
North & Central America,United States,Sinclair Wyoming Refinery ,85.0,kbd,active
North & Central America,United States,Sinclair Casper Refinery ,25.0,kbd,active
North & Central America,US Virgin Islands,St Croix Refinery ,494.0,kbd,closed
North & Central America,US Virgin Islands,BP Limetree has rebuilt and been licensed to operate refinery at 300,300.0,kbd,active
Oceania,Australia,Kurnell Refinery ,124.5,kbd,closed
Oceania,Australia,Clyde Refinery ,100.0,kbd,closed
Oceania,Australia,Matraville Refinery ,45.0,kbd,closed
Oceania,Australia,Geelong Oil Refinery ,130.0,kbd,active
Oceania,Australia,Altona Refinery ,75.0,kbd,closed
Oceania,Australia,Westernport Refinery ,35.0,kbd,closed
Oceania,Australia,Bulwer Island Refinery ,90.0,kbd,closed
Oceania,Australia,Lytton Oil Refinery ,104.0,kbd,active
Oceania,Australia,Eromanga Refinery ,1.2,kbd,active
Oceania,Australia,Port Stanvac Refinery ,100.0,kbd,closed
Oceania,Australia,Kwinana Oil Refinery ,138.0,kbd,closed
Oceania,New Zealand,Marsden Point Oil Refinery ,96.0,kbd,active
Oceania,Papua New Guinea,InterOil Refinery,32.5,kbd,active
South America,Argentina,La Plata Refinery ,189.0,kbd,active
South America,Argentina,Buenos Aires Refinery ,110.0,kbd,active
South America,Argentina,Luj n de Cuyo Refinery ,105.5,kbd,active
South America,Argentina,Esso Campana Refinery ,84.5,kbd,active
South America,Argentina,San Lorenzo Refinery ,38.0,kbd,active
South America,Argentina,Plaza Huincul Refinery ,25.0,kbd,active
South America,Argentina,Campo Duran Refinery ,32.0,kbd,active
South America,Argentina,Bah a Blanca Refinery ,28.975,kbd,active
South America,Argentina,Avellaneda Refinery ,1.3,kbd,active
South America,Bolivia,Gualberto Villarael Cochabamba Refinery ,40.0,kbd,active
South America,Bolivia,Guillermo Elder Bell Santa Cruz Refinery ,20.0,kbd,active
South America,Bolivia,Carlos Montenegro Sucre Refinery ,3.0,kbd,active
South America,Bolivia,Reficruz 2,2.0,kbd,active
South America,Bolivia,Refiner a Oro Negro SA 2,2.0,kbd,active
South America,Brazil,REFAP ,201.0,kbd,active
South America,Brazil,RECAP ,53.5,kbd,active
South America,Brazil,REPLAN ,415.0,kbd,active
South America,Brazil,REVAP ,251.5,kbd,active
South America,Brazil,RPBC ,170.0,kbd,active
South America,Brazil,REDUC ,242.0,kbd,active
South America,Brazil,REMAN ,46.0,kbd,active
South America,Brazil,Lubnor ,82.0,kbd,active
South America,Brazil,REGAP ,170.0,kbd,active
South America,Brazil,REPAR ,220.0,kbd,active
South America,Brazil,RLAM ,280.0,kbd,active
South America,Brazil,RPCC ,35.0,kbd,active
South America,Brazil,RNEST ,100.0,kbd,active
South America,Brazil,COMPERJ,0.0,kbd,active
South America,Brazil,Refinaria Ipiranga ,17.0,kbd,active
South America,Brazil,Refinaria Manguinhos ,13.8,kbd,active
South America,Brazil,DAX Oil ,2.1,kbd,active
South America,Brazil,Univen ,6.9,kbd,active
South America,Chile,BioBio Refinery ,113.0,kbd,active
South America,Chile,Aconcagua Concon Refinery ,97.65,kbd,active
South America,Chile,Gregorio Refinery ,14.75,kbd,active
South America,Colombia,Barrancabermeja-Santander Refinery ,240.0,kbd,active
South America,Colombia,Cartagena Refinery ,210.0,kbd,active
South America,Colombia,Hidrocasanare Refinery,7.0,kbd,active
South America,Colombia,Apiay Refinery ,2.5,kbd,active
South America,Colombia,Orito Refinery ,2.3,kbd,active
South America,Ecuador,Esmeraldas Refinery ,110.0,kbd,active
South America,Ecuador,La Libertad Refinery ,45.0,kbd,active
South America,Ecuador,Shushufindi Refinery ,20.0,kbd,active
South America,Paraguay,Villa Elisa Refinery ,7.5,kbd,active
South America,Perú,Refiner a La Pampilla Ventanilla/Lima ,102.0,kbd,active
South America,Perú,Refiner a de Talara ,65.0,kbd,active
South America,Perú,Refiner a Iquitos Loreto ,12.0,kbd,active
South America,Perú,Refiner a Conchan ,15.0,kbd,active
South America,Perú,Refiner a Pucallpa ,3.25,kbd,active
South America,Perú,Refiner a El Milagro ,1.5,kbd,active
South America,Perú,Refiner a Shiviyacu ,2.0,kbd,active
South America,Suriname,Staatsolie Refinery ,15.0,kbd,active
South America,Uruguay,La Teja Montevideo Refinery ,40.0,kbd,active
South America,Venezuela,Paraguana Refinery Complex ,956.0,kbd,active
South America,Venezuela,Amuay Refinery ,635.0,kbd,active
South America,Venezuela,Card n Refinery ,305.0,kbd,active
South America,Venezuela,Bajo Grande Refinery ,16.0,kbd,active
South America,Venezuela,Puerto La Cruz Refinery ,200.0,kbd,active
South America,Venezuela,El Palito Refinery ,140.0,kbd,active
South America,Venezuela,San Roque Refinery ,5.2,kbd,active
South America,Venezuela,Upgraders ,140.0,kbd,active
South America,Venezuela,Petro San Felix,140.0,kbd,active
South America,Venezuela,Petropiar ,190.0,kbd,active
South America,Venezuela,Petrocede o,180.0,kbd,active
South America,Venezuela,Petromonagas ,120.0,kbd,active
